"","Player","Age","Pos","Tgt","Rec","Yds","X1D","YBC","YAC","ADOT","BrkTkl","Succ.","TD","YBC_R","YAC_R","Rec_Brk"
"1","Ja'Marr Chase",24,"WR",175,127,1708,75,921,787,8.7,11,62.3,17,7.3,6.2,11.5
"2","Amon-Ra St. Brown",25,"WR",141,115,1263,73,851,412,7.7,3,70.2,12,7.4,3.6,38.3
"3","Brock Bowers",22,"TE",153,112,1194,61,598,596,6.1,6,60.8,5,5.3,5.3,18.7
"4","Trey McBride",25,"TE",147,111,1146,63,633,513,6.1,5,63.3,2,5.7,4.6,22.2
"5","Malik Nabers",21,"WR",170,109,1204,55,742,462,9.1,8,51.2,7,6.8,4.2,13.6
"6","Justin Jefferson",25,"WR",154,103,1533,62,1046,487,10.9,5,57.1,10,10.2,4.7,20.6
"7","CeeDee Lamb",25,"WR",152,101,1194,54,657,537,7.6,11,50,6,6.5,5.3,9.2
"8","Garrett Wilson",24,"WR",154,101,1104,60,662,442,9.1,7,53.9,7,6.6,4.4,14.4
"9","Drake London",23,"WR",158,100,1271,67,944,327,10.9,6,56.3,9,9.4,3.3,16.7
"10","Jaxon Smith-Njigba",22,"WR",137,100,1130,57,653,477,8.7,4,58.4,6,6.5,4.8,25
"11","D.J. Moore",27,"WR",140,98,966,43,378,588,7.5,5,47.1,6,3.9,6,19.6
"12","Travis Kelce",35,"TE",133,97,823,47,482,341,6.4,3,60.2,3,5,3.5,32.3
"13","Wan'Dale Robinson",23,"WR",140,93,699,36,338,361,4.8,9,42.1,3,3.6,3.9,10.3
"14","Jerry Jeudy",25,"WR",145,90,1229,57,842,387,11.1,0,53.8,4,9.4,4.3,Inf
"15","Jonnu Smith",29,"TE",111,88,884,55,374,510,4.9,8,63.1,8,4.2,5.8,11
"16","Jakobi Meyers",28,"WR",129,87,1027,52,734,293,9.6,4,55.8,4,8.4,3.4,21.8
"17","Brian Thomas",22,"WR",133,87,1282,53,720,562,11.4,0,55.6,10,8.3,6.5,Inf
"18","Davante Adams",32,"WR",141,85,1063,49,590,473,8.2,7,46.8,8,6.9,5.6,12.1
"19","Davante Adams",32,"WR",141,85,1063,49,590,473,8.2,7,51.9,1,6.9,5.6,12.1
"20","Davante Adams",32,"WR",141,85,1063,49,590,473,8.2,7,45.6,7,6.9,5.6,12.1
"21","Davante Adams",32,"WR",27,18,209,10,164,45,9.6,0,46.8,8,9.1,2.5,Inf
"22","Davante Adams",32,"WR",27,18,209,10,164,45,9.6,0,51.9,1,9.1,2.5,Inf
"23","Davante Adams",32,"WR",27,18,209,10,164,45,9.6,0,45.6,7,9.1,2.5,Inf
"24","Davante Adams",32,"WR",114,67,854,39,426,428,7.9,7,46.8,8,6.4,6.4,9.6
"25","Davante Adams",32,"WR",114,67,854,39,426,428,7.9,7,51.9,1,6.4,6.4,9.6
"26","Davante Adams",32,"WR",114,67,854,39,426,428,7.9,7,45.6,7,6.4,6.4,9.6
"27","Ladd McConkey",23,"WR",112,82,1149,52,759,390,9.9,10,57.1,7,9.3,4.8,8.2
"28","Terry McLaurin",29,"WR",117,82,1096,56,804,292,13.4,2,58.1,13,9.8,3.6,41
"29","Tyreek Hill",30,"WR",123,81,959,54,667,292,11.4,1,52,6,8.2,3.6,81
"30","Courtland Sutton",29,"WR",135,81,1081,57,902,179,13.2,1,53.3,8,11.1,2.2,81
"31","Puka Nacua",23,"WR",106,79,990,47,472,518,7.9,10,63.2,3,6,6.6,7.9
"32","De'Von Achane",23,"RB",87,78,592,30,-73,665,-0.4,5,57.5,6,-0.9,8.5,15.6
"33","George Kittle",31,"TE",94,78,1106,50,584,522,8.1,4,73.4,8,7.5,6.7,19.5
"34","Jauan Jennings",27,"WR",113,77,975,47,737,238,9.9,5,54.9,6,9.6,3.1,15.4
"35","Khalil Shakir",24,"WR",100,76,821,35,224,597,5.5,6,53,4,2.9,7.9,12.7
"36","Mike Evans",31,"WR",110,74,1004,53,778,226,11.6,2,62.7,11,10.5,3.1,37
"37","Zay Flowers",24,"WR",116,74,1059,48,596,463,10,7,53.4,4,8.1,6.3,10.6
"38","Tee Higgins",25,"WR",109,73,911,48,683,228,9.8,7,64.2,10,9.4,3.1,10.4
"39","Josh Downs",23,"WR",107,72,803,40,407,396,6.9,3,53.3,5,5.7,5.5,24
"40","Keenan Allen",32,"WR",121,70,744,43,504,240,9,1,47.1,7,7.2,3.4,70
"41","Michael Pittman Jr.",27,"WR",111,69,808,35,549,259,11,3,50.5,3,8,3.8,23
"42","Nico Collins",25,"WR",99,68,1006,48,641,365,10.7,2,56.6,7,9.4,5.4,34
"43","Alvin Kamara",29,"RB",89,68,543,18,1,542,0.9,2,36,2,0,8,34
"44","DeVonta Smith",26,"WR",89,68,833,42,534,299,9.1,0,61.8,8,7.9,4.4,Inf
"45","A.J. Brown",27,"WR",97,67,1079,51,726,353,12.1,9,62.9,7,10.8,5.3,7.4
"46","Cooper Kupp",31,"WR",100,67,710,28,441,269,7.5,2,47,6,6.6,4,33.5
"47","Demario Douglas",24,"WR",87,66,621,31,262,359,5.9,2,51.7,3,4,5.4,33
"48","Zach Ertz",34,"TE",91,66,654,38,467,187,7.4,0,63.7,7,7.1,2.8,Inf
"49","Hunter Henry",30,"TE",97,66,674,40,406,268,7,2,56.7,2,6.2,4.1,33
"50","D.K. Metcalf",27,"WR",108,66,992,35,729,263,13.1,3,49.1,5,11,4,22
"51","Pat Freiermuth",26,"TE",78,65,653,32,374,279,6.1,4,62.8,7,5.8,4.3,16.2
"52","Mike Gesicki",29,"TE",83,65,665,38,420,245,7.4,0,62.7,2,6.5,3.8,Inf
"53","Darnell Mooney",27,"WR",106,64,992,48,717,275,12.2,6,51.9,5,11.2,4.3,10.7
"54","David Njoku",28,"TE",97,64,505,23,254,251,5.2,4,39.2,5,4,3.9,16
"55","Calvin Ridley",30,"WR",120,64,1017,40,786,231,15.3,4,44.2,4,12.3,3.6,16
"56","Jordan Addison",22,"WR",99,63,875,39,662,213,13,3,47.5,9,10.5,3.4,21
"57","Marvin Harrison Jr.",22,"WR",116,62,885,43,737,148,13.4,0,50,8,11.9,2.4,Inf
"58","Ray-Ray McCloud",28,"WR",87,62,686,29,351,335,6.8,1,51.7,1,5.7,5.4,62
"59","Elijah Moore",24,"WR",102,61,538,25,405,133,9.3,1,35.3,1,6.6,2.2,61
"60","Bijan Robinson",22,"RB",72,61,431,20,-100,531,-0.5,5,41.7,1,-1.6,8.7,12.2
"61","Sam LaPorta",23,"TE",83,60,726,39,383,343,7,3,56.6,7,6.4,5.7,20
"62","Jake Ferguson",25,"TE",86,59,494,18,185,309,4.1,6,39.5,0,3.1,5.2,9.8
"63","Cade Otton",25,"TE",87,59,600,31,289,311,5.5,6,51.7,4,4.9,5.3,9.8
"64","George Pickens",23,"WR",103,59,900,37,685,215,13.3,4,44.7,3,11.6,3.6,14.8
"65","Xavier Worthy",21,"WR",98,59,638,36,231,407,9.2,0,56.1,6,3.9,6.9,Inf
"66","Jaylen Waddle",26,"WR",83,58,744,38,508,236,10,0,54.2,2,8.8,4.1,Inf
"67","Jameson Williams",23,"WR",91,58,1001,41,504,497,11.2,2,52.7,7,8.7,8.6,29
"68","Breece Hall",23,"RB",76,57,483,15,-13,496,0.2,6,36.8,3,-0.2,8.7,9.5
"69","DeAndre Hopkins",32,"WR",80,56,610,35,501,109,10.4,3,60,5,8.9,1.9,18.7
"70","DeAndre Hopkins",32,"WR",80,56,610,35,501,109,10.4,3,66.7,1,8.9,1.9,18.7
"71","DeAndre Hopkins",32,"WR",80,56,610,35,501,109,10.4,3,57.6,4,8.9,1.9,18.7
"72","DeAndre Hopkins",32,"WR",21,15,173,10,172,1,10.2,2,60,5,11.5,0.1,7.5
"73","DeAndre Hopkins",32,"WR",21,15,173,10,172,1,10.2,2,66.7,1,11.5,0.1,7.5
"74","DeAndre Hopkins",32,"WR",21,15,173,10,172,1,10.2,2,57.6,4,11.5,0.1,7.5
"75","DeAndre Hopkins",32,"WR",59,41,437,25,329,108,10.4,1,60,5,8,2.6,41
"76","DeAndre Hopkins",32,"WR",59,41,437,25,329,108,10.4,1,66.7,1,8,2.6,41
"77","DeAndre Hopkins",32,"WR",59,41,437,25,329,108,10.4,1,57.6,4,8,2.6,41
"78","Mark Andrews",29,"TE",69,55,673,39,485,188,10.5,1,68.1,11,8.8,3.4,55
"79","Quentin Johnston",23,"WR",91,55,711,32,405,306,10.8,8,50.5,8,7.4,5.6,6.9
"80","Jayden Reed",24,"WR",75,55,857,29,477,380,9.1,3,56,6,8.7,6.9,18.3
"81","Chase Brown",24,"RB",65,54,360,23,34,326,0.8,2,52.3,4,0.6,6,27
"82","Rome Odunze",22,"WR",101,54,734,37,481,253,13.9,4,45.5,3,8.9,4.7,13.5
"83","Dalton Schultz",28,"TE",85,53,532,26,318,214,8.1,0,49.4,2,6,4,Inf
"84","Jahmyr Gibbs",22,"RB",63,52,517,25,-76,593,-0.2,4,55.6,4,-1.5,11.4,13
"85","Chigoziem Okonkwo",25,"TE",70,52,479,19,230,249,5.9,5,55.7,2,4.4,4.8,10.4
"86","Javonte Williams",24,"RB",70,52,346,14,-49,395,-0.3,4,37.1,0,-0.9,7.6,13
"87","Tyler Conklin",29,"TE",72,51,449,24,187,262,4.9,0,52.8,4,3.7,5.1,Inf
"88","Tank Dell",25,"WR",81,51,667,35,503,164,12.5,3,53.1,3,9.9,3.2,17
"89","Aaron Jones",30,"RB",62,51,408,20,-3,411,0.9,1,58.1,2,-0.1,8.1,51
"90","Deebo Samuel",28,"WR",81,51,670,28,249,421,6.6,8,40.7,3,4.9,8.3,6.4
"91","Rachaad White",25,"RB",57,51,393,18,-123,516,-1.9,3,54.4,6,-2.4,10.1,17
"92","Will Dissly",28,"TE",64,50,481,24,178,303,4.6,4,54.7,2,3.6,6.1,12.5
"93","Chris Godwin",28,"WR",62,50,576,33,226,350,5.7,4,72.6,5,4.5,7,12.5
"94","Juwan Johnson",28,"TE",66,50,548,27,336,212,8.2,3,56.1,3,6.7,4.2,16.7
"95","Tucker Kraft",24,"TE",70,50,707,30,251,456,5.3,9,58.6,7,5,9.1,5.6
"96","Xavier Legette",23,"WR",84,49,497,27,385,112,12.3,2,44,4,7.9,2.3,24.5
"97","Tyler Lockett",32,"WR",74,49,600,36,466,134,10.7,1,56.8,2,9.5,2.7,49
"98","Jalen Tolbert",25,"WR",79,49,610,29,444,166,11.5,0,51.9,7,9.1,3.4,Inf
"99","Noah Fant",27,"TE",64,48,500,25,223,277,5.4,2,57.8,1,4.6,5.8,24
"100","Adam Thielen",34,"WR",62,48,615,28,463,152,11,1,58.1,5,9.6,3.2,48
"101","James Conner",29,"RB",55,47,414,17,-69,483,-1.6,12,56.4,1,-1.5,10.3,3.9
"102","Stefon Diggs",31,"WR",64,47,496,31,311,185,8.7,3,51.6,3,6.6,3.9,15.7
"103","Evan Engram",30,"TE",64,47,365,17,215,150,5.4,0,45.3,1,4.6,3.2,Inf
"104","Bucky Irving",22,"RB",52,47,392,16,-136,528,-2.7,6,65.4,0,-2.9,11.2,7.8
"105","Cole Kmet",25,"TE",55,47,474,25,293,181,7.1,1,70.9,4,6.2,3.9,47
"106","Kyle Pitts",24,"TE",74,47,602,21,330,272,8.6,4,41.9,4,7,5.8,11.8
"107","Tre Tucker",23,"WR",81,47,539,24,331,208,12.7,3,43.2,3,7,4.4,15.7
"108","Michael Wilson",24,"WR",71,47,548,27,418,130,11.4,1,56.3,4,8.9,2.8,47
"109","Romeo Doubs",24,"WR",72,46,601,33,466,135,12.3,4,59.7,4,10.1,2.9,11.5
"110","Kenneth Walker III",24,"RB",53,46,299,19,-64,363,-1.2,5,54.7,1,-1.4,7.9,9.2
"111","Rashod Bateman",25,"WR",72,45,756,35,572,184,13.6,0,52.8,9,12.7,4.1,Inf
"112","Austin Hooper",30,"TE",59,45,476,25,251,225,5.8,3,62.7,3,5.6,5,15
"113","Olamide Zaccheaus",27,"WR",64,45,506,26,222,284,6.3,7,51.6,3,4.9,6.3,6.4
"114","Dalton Kincaid",25,"TE",75,44,448,23,174,274,7.5,4,53.3,2,4,6.2,11
"115","Amari Cooper",30,"WR",85,44,547,25,436,111,12.3,1,42.4,4,9.9,2.5,44
"116","Amari Cooper",30,"WR",85,44,547,25,436,111,12.3,1,35.8,2,9.9,2.5,44
"117","Amari Cooper",30,"WR",85,44,547,25,436,111,12.3,1,53.1,2,9.9,2.5,44
"118","Amari Cooper",30,"WR",53,24,250,11,193,57,12.1,1,42.4,4,8,2.4,24
"119","Amari Cooper",30,"WR",53,24,250,11,193,57,12.1,1,35.8,2,8,2.4,24
"120","Amari Cooper",30,"WR",53,24,250,11,193,57,12.1,1,53.1,2,8,2.4,24
"121","Amari Cooper",30,"WR",32,20,297,14,243,54,12.6,0,42.4,4,12.2,2.7,Inf
"122","Amari Cooper",30,"WR",32,20,297,14,243,54,12.6,0,35.8,2,12.2,2.7,Inf
"123","Amari Cooper",30,"WR",32,20,297,14,243,54,12.6,0,53.1,2,12.2,2.7,Inf
"124","Kayshon Boutte",22,"WR",68,43,589,25,439,150,14.5,1,55.9,3,10.2,3.5,43
"125","Chuba Hubbard",25,"RB",54,43,171,10,-74,245,-1.2,7,31.5,1,-1.7,5.7,6.1
"126","Tutu Atwell",25,"WR",62,42,562,29,436,126,11.2,0,59.7,0,10.4,3,Inf
"127","Zach Charbonnet",23,"RB",52,42,340,6,-37,377,-0.9,0,40.4,1,-0.9,9,Inf
"128","Dallas Goedert",29,"TE",52,42,496,20,239,257,6.8,2,55.8,2,5.7,6.1,21
"129","Justice Hill",27,"RB",51,42,383,17,-55,438,-0.5,5,49,3,-1.3,10.4,8.4
"130","Isaiah Likely",24,"TE",58,42,477,26,221,256,8,3,60.3,6,5.3,6.1,14
"131","D'Andre Swift",25,"RB",52,42,386,12,-19,405,0,2,51.9,0,-0.5,9.6,21
"132","T.J. Hockenson",27,"TE",62,41,455,30,310,145,8.4,1,54.8,0,7.6,3.5,41
"133","Tony Pollard",27,"RB",57,41,238,9,17,221,0.1,2,29.8,0,0.4,5.4,20.5
"134","Devaughn Vele",27,"WR",55,41,475,26,348,127,8.4,0,63.6,3,8.5,3.1,Inf
"135","Ameer Abdullah",31,"RB",47,40,261,16,9,252,0.7,2,59.6,3,0.2,6.3,20
"136","Jordan Akins",32,"TE",58,40,390,20,213,177,6,1,51.7,2,5.3,4.4,40
"137","Noah Gray",25,"TE",49,40,437,25,227,210,6.2,0,67.3,5,5.7,5.2,Inf
"138","Brenton Strange",24,"TE",53,40,411,21,228,183,6.4,3,66,2,5.7,4.6,13.3
"139","Tyler Boyd",30,"WR",57,39,390,20,201,189,7.4,2,49.1,0,5.2,4.8,19.5
"140","Rico Dowdle",26,"RB",49,39,249,13,-23,272,-0.1,3,53.1,3,-0.6,7,13
"141","Travis Etienne",25,"RB",52,39,254,13,-42,296,0.2,4,38.5,0,-1.1,7.6,9.8
"142","Marvin Mims",22,"WR",52,39,503,14,26,477,7.4,0,48.1,6,0.7,12.2,Inf
"143","Josh Palmer",25,"WR",65,39,584,28,483,101,15.2,0,53.8,1,12.4,2.6,Inf
"144","Darius Slayton",27,"WR",71,39,573,30,449,124,13.1,4,50.7,2,11.5,3.2,9.8
"145","Dontayvion Wicks",23,"WR",76,39,415,25,276,139,10.7,3,39.5,5,7.1,3.6,13
"146","Tyrone Tracy Jr.",25,"RB",53,38,284,13,3,281,0.3,6,47.2,1,0.1,7.4,6.3
"147","Jaylen Warren",26,"RB",47,38,310,16,-5,315,-0.1,5,46.8,0,-0.1,8.3,7.6
"148","Greg Dortch",26,"WR",50,37,342,16,48,294,4.1,5,50,3,1.3,7.9,7.4
"149","Jerome Ford",25,"RB",43,37,225,10,-69,294,-0.3,7,37.2,0,-1.9,7.9,5.3
"150","Allen Lazard",29,"WR",60,37,530,29,375,155,11,0,58.3,6,10.1,4.2,Inf
"151","Jalen McMillan",23,"WR",58,37,461,23,328,133,12.2,1,55.2,8,8.9,3.6,37
"152","Alec Pierce",24,"WR",69,37,824,32,706,118,21.5,0,52.2,7,19.1,3.2,Inf
"153","Calvin Austin III",25,"WR",58,36,548,18,396,152,12.4,1,53.4,4,11,4.2,36
"154","Najee Harris",26,"RB",48,36,283,13,-46,329,-1.5,7,45.8,0,-1.3,9.1,5.1
"155","Andrei Iosivas",25,"WR",61,36,479,26,412,67,11.2,0,55.7,6,11.4,1.9,Inf
"156","Josh Jacobs",26,"RB",43,36,342,15,-61,403,-1,13,53.5,1,-1.7,11.2,2.8
"157","Alexander Mattison",26,"RB",48,36,294,13,-20,314,-0.1,6,35.4,1,-0.6,8.7,6
"158","Joe Mixon",28,"RB",52,36,309,12,-51,360,-0.5,6,53.8,1,-1.4,10,6
"159","David Montgomery",27,"RB",38,36,341,16,-24,365,-0.5,11,73.7,0,-0.7,10.1,3.3
"160","Noah Brown",28,"WR",56,35,453,21,370,83,11.4,0,57.1,1,10.6,2.4,Inf
"161","Austin Ekeler",29,"RB",41,35,366,14,-58,424,-1.4,4,53.7,0,-1.7,12.1,8.8
"162","Kyren Williams",24,"RB",40,34,182,6,-13,195,-0.7,2,45,2,-0.4,5.7,17
"163","Saquon Barkley",27,"RB",43,33,278,12,33,245,1.9,6,44.2,2,1,7.4,5.5
"164","Tim Patrick",31,"WR",44,33,394,20,253,141,10,2,56.8,3,7.7,4.3,16.5
"165","Ja'Tavion Sanders",21,"TE",43,33,342,13,152,190,6.2,1,51.2,1,4.6,5.8,33
"166","Rhamondre Stevenson",26,"RB",41,33,168,8,-69,237,-1,3,39,1,-2.1,7.2,11
"167","Diontae Johnson",28,"WR",67,33,375,21,284,91,10.9,1,37.3,3,8.6,2.8,33
"168","Diontae Johnson",28,"WR",67,33,375,21,284,91,10.9,1,39.7,3,8.6,2.8,33
"169","Diontae Johnson",28,"WR",67,33,375,21,284,91,10.9,1,20,0,8.6,2.8,33
"170","Diontae Johnson",28,"WR",67,33,375,21,284,91,10.9,1,25,0,8.6,2.8,33
"171","Diontae Johnson",28,"WR",58,30,357,20,271,86,9.8,1,37.3,3,9,2.9,30
"172","Diontae Johnson",28,"WR",58,30,357,20,271,86,9.8,1,39.7,3,9,2.9,30
"173","Diontae Johnson",28,"WR",58,30,357,20,271,86,9.8,1,20,0,9,2.9,30
"174","Diontae Johnson",28,"WR",58,30,357,20,271,86,9.8,1,25,0,9,2.9,30
"175","Diontae Johnson",28,"WR",5,1,6,0,5,1,24.2,0,37.3,3,5,1,Inf
"176","Diontae Johnson",28,"WR",5,1,6,0,5,1,24.2,0,39.7,3,5,1,Inf
"177","Diontae Johnson",28,"WR",5,1,6,0,5,1,24.2,0,20,0,5,1,Inf
"178","Diontae Johnson",28,"WR",5,1,6,0,5,1,24.2,0,25,0,5,1,Inf
"179","Diontae Johnson",28,"WR",4,2,12,1,8,4,9.5,0,37.3,3,4,2,Inf
"180","Diontae Johnson",28,"WR",4,2,12,1,8,4,9.5,0,39.7,3,4,2,Inf
"181","Diontae Johnson",28,"WR",4,2,12,1,8,4,9.5,0,20,0,4,2,Inf
"182","Diontae Johnson",28,"WR",4,2,12,1,8,4,9.5,0,25,0,4,2,Inf
"183","Jalen Coker",23,"WR",46,32,478,23,307,171,11.3,2,58.7,2,9.6,5.3,16
"184","James Cook",25,"RB",38,32,258,14,-2,260,0.9,0,50,2,-0.1,8.1,Inf
"185","J.K. Dobbins",26,"RB",38,32,153,6,-51,204,-1.2,1,26.3,0,-1.6,6.4,32
"186","David Moore",29,"WR",57,32,351,18,291,60,10.8,1,49.1,3,9.1,1.9,32
"187","Foster Moreau",27,"TE",43,32,413,21,255,158,9.2,2,60.5,5,8,4.9,16
"188","Chris Olave",24,"WR",44,32,400,22,279,121,10.3,1,65.9,1,8.7,3.8,32
"189","Sterling Shepard",31,"WR",51,32,334,16,235,99,9.3,1,49,1,7.3,3.1,32
"190","Parker Washington",22,"WR",51,32,390,19,282,108,11.2,2,52.9,3,8.8,3.4,16
"191","Nick Westbrook-Ikhine",27,"WR",60,32,497,25,373,124,11.5,2,46.7,9,11.7,3.9,16
"192","Mack Hollins",31,"WR",50,31,378,25,288,90,11.1,0,58,5,9.3,2.9,Inf
"193","Lil'Jordan Humphrey",26,"WR",45,31,293,12,101,192,6.5,3,46.7,1,3.3,6.2,10.3
"194","Ricky Pearsall",24,"WR",46,31,400,19,286,114,11.4,1,56.5,3,9.2,3.7,31
"195","Demarcus Robinson",30,"WR",64,31,505,27,434,71,14.2,1,46.9,7,14,2.3,31
"196","Curtis Samuel",28,"WR",46,31,253,9,93,160,4.6,1,37,1,3,5.2,31
"197","KaVontae Turpin",28,"WR",52,31,420,18,160,260,8.5,2,48.1,2,5.2,8.4,15.5
"198","AJ Barner",22,"TE",38,30,245,18,81,164,3.6,1,63.2,4,2.7,5.5,30
"199","Dyami Brown",25,"WR",40,30,308,13,90,218,7.1,4,47.5,1,3,7.3,7.5
"200","Colby Parkinson",25,"TE",49,30,294,15,134,160,5.3,1,53.1,1,4.5,5.3,30
"201","Tyjae Spears",23,"RB",35,30,224,9,-31,255,-1.2,4,40,1,-1,8.5,7.5
"202","Keon Coleman",21,"WR",57,29,556,22,341,215,15.2,4,43.9,4,11.8,7.4,7.2
"203","Theo Johnson",23,"TE",43,29,331,16,182,149,6.7,1,51.2,1,6.3,5.1,29
"204","Cedric Tillman",24,"WR",49,29,339,15,235,104,11.1,4,49,3,8.1,3.6,7.2
"205","Christian Watson",25,"WR",53,29,620,21,471,149,17.8,0,47.2,2,16.2,5.1,Inf
"206","Kendrick Bourne",29,"WR",38,28,305,13,211,94,9.3,0,55.3,1,7.5,3.4,Inf
"207","Troy Franklin",21,"WR",53,28,263,11,100,163,13,1,35.8,2,3.6,5.8,28
"208","Jalen Nailor",25,"WR",42,28,414,22,308,106,11.5,0,59.5,6,11,3.8,Inf
"209","Samaje Perine",29,"RB",35,28,322,15,9,313,0.3,3,51.4,1,0.3,11.2,9.3
"210","Josh Whyle",25,"TE",37,28,248,14,105,143,5.6,1,51.4,1,3.8,5.1,28
"211","Christian Kirk",28,"WR",47,27,379,18,266,113,13.7,1,48.9,1,9.9,4.2,27
"212","Luke Schoonmaker",26,"TE",36,27,241,11,144,97,5.5,0,55.6,1,5.3,3.6,Inf
"213","Brandin Cooks",31,"WR",54,26,259,19,204,55,11.7,0,44.4,3,7.8,2.1,Inf
"214","Tyler Johnson",26,"WR",41,26,291,10,108,183,5.6,0,43.9,1,4.2,7,Inf
"215","Malik Washington",23,"WR",36,26,223,13,100,123,5.4,1,55.6,0,3.8,4.7,26
"216","Brandon Aiyuk",26,"WR",47,25,374,19,267,107,11.9,2,48.9,0,10.7,4.3,12.5
"217","Grant Calcaterra",26,"TE",30,24,298,15,172,126,7.3,0,63.3,1,7.2,5.2,Inf
"218","Van Jefferson",28,"WR",40,24,276,12,198,78,11.6,0,47.5,2,8.2,3.2,Inf
"219","Jaleel McLaughlin",24,"RB",27,24,76,3,-91,167,-3.8,1,33.3,2,-3.8,7,24
"220","John Metchie",24,"WR",37,24,254,11,185,69,9,0,48.6,1,7.7,2.9,Inf
"221","Rashee Rice",24,"WR",29,24,288,15,102,186,5.2,4,65.5,2,4.2,7.8,6
"222","Miles Sanders",27,"RB",30,24,148,5,-2,150,1.4,1,23.3,1,-0.1,6.2,24
"223","Antonio Gibson",26,"RB",29,23,206,11,-7,213,1.8,3,51.7,0,-0.3,9.3,7.7
"224","Taysom Hill",34,"TE",31,23,187,8,50,137,3.5,2,48.4,0,2.2,6,11.5
"225","Kareem Hunt",29,"RB",32,23,176,10,-40,216,-1.9,4,53.1,0,-1.7,9.4,5.8
"226","Adonai Mitchell",22,"WR",55,23,312,16,211,101,14.1,0,36.4,0,9.2,4.4,Inf
"227","Zack Moss",27,"RB",27,23,187,11,-7,194,0.1,3,63,1,-0.3,8.4,7.7
"228","Tommy Tremble",24,"TE",32,23,234,12,109,125,5.7,1,50,2,4.7,5.4,23
"229","Dawson Knox",28,"TE",33,22,311,12,217,94,8.8,0,63.6,1,9.9,4.3,Inf
"230","Josh Oliver",27,"TE",28,22,258,14,129,129,7.8,0,67.9,3,5.9,5.9,Inf
"231","Justin Watson",28,"WR",32,22,289,13,221,68,15.1,0,56.3,2,10,3.1,Inf
"232","Jordan Whittington",24,"WR",28,22,293,14,90,203,3.8,1,75,0,4.1,9.2,22
"233","Michael Mayer",23,"TE",32,21,156,8,95,61,6.2,2,53.1,0,4.5,2.9,10.5
"234","Devin Singletary",27,"RB",24,21,119,4,-59,178,-2.8,1,45.8,0,-2.8,8.5,21
"235","Mike Williams",30,"WR",34,21,298,14,263,35,15.2,0,50,1,12.5,1.7,Inf
"236","Mike Williams",30,"WR",34,21,298,14,263,35,15.2,0,52.4,0,12.5,1.7,Inf
"237","Mike Williams",30,"WR",34,21,298,14,263,35,15.2,0,46.2,1,12.5,1.7,Inf
"238","Mike Williams",30,"WR",21,12,166,9,142,24,14.5,0,50,1,11.8,2,Inf
"239","Mike Williams",30,"WR",21,12,166,9,142,24,14.5,0,52.4,0,11.8,2,Inf
"240","Mike Williams",30,"WR",21,12,166,9,142,24,14.5,0,46.2,1,11.8,2,Inf
"241","Mike Williams",30,"WR",13,9,132,5,121,11,16.5,0,50,1,13.4,1.2,Inf
"242","Mike Williams",30,"WR",13,9,132,5,121,11,16.5,0,52.4,0,13.4,1.2,Inf
"243","Mike Williams",30,"WR",13,9,132,5,121,11,16.5,0,46.2,1,13.4,1.2,Inf
"244","Erick All",24,"TE",22,20,158,8,71,87,3.4,1,63.6,0,3.5,4.3,20
"245","Gabriel Davis",25,"WR",42,20,239,13,200,39,13.2,0,40.5,2,10,2,Inf
"246","Elijah Higgins",24,"TE",24,20,172,10,82,90,4.5,3,70.8,2,4.1,4.5,6.7
"247","Brian Robinson Jr.",25,"RB",25,20,159,4,-20,179,-0.9,1,44,0,-1,8.9,20
"248","Drew Sample",28,"TE",22,20,109,8,28,81,1.5,1,63.6,1,1.4,4,20
"249","Rashid Shaheed",26,"WR",41,20,349,12,243,106,17.6,0,41.5,3,12.2,5.3,Inf
"250","Cedrick Wilson Jr.",29,"WR",27,20,211,8,122,89,7.3,1,48.1,1,6.1,4.4,20
"251","Robert Woods",32,"WR",30,20,203,12,130,73,9.6,0,50,0,6.5,3.6,Inf
"252","Braelon Allen",20,"RB",27,19,148,8,-15,163,-0.2,2,51.9,1,-0.8,8.6,9.5
"253","Jahan Dotson",24,"WR",33,19,216,12,144,72,9.9,0,48.5,0,7.6,3.8,Inf
"254","Derrick Henry",30,"RB",22,19,193,11,-23,216,-1.1,8,68.2,2,-1.2,11.4,2.4
"255","Tanner Hudson",30,"TE",23,19,154,9,57,97,4.3,0,65.2,1,3,5.1,Inf
"256","Lucas Krull",26,"TE",23,19,152,7,85,67,5.1,2,47.8,0,4.5,3.5,9.5
"257","Raheem Mostert",32,"RB",23,19,161,10,15,146,0.6,2,52.2,0,0.8,7.7,9.5
"258","Johnny Mundt",30,"TE",27,19,142,8,59,83,4.1,2,44.4,2,3.1,4.4,9.5
"259","Dare Ogunbowale",30,"RB",28,19,198,8,30,168,1.7,0,35.7,1,1.6,8.8,Inf
"260","Darnell Washington",23,"TE",25,19,200,9,74,126,4.3,2,68,1,3.9,6.6,9.5
"261","Marquez Valdes-Scantling",30,"WR",44,19,411,14,268,143,17.4,1,36.4,4,14.1,7.5,19
"262","Marquez Valdes-Scantling",30,"WR",44,19,411,14,268,143,17.4,1,22.2,0,14.1,7.5,19
"263","Marquez Valdes-Scantling",30,"WR",44,19,411,14,268,143,17.4,1,40,4,14.1,7.5,19
"264","Marquez Valdes-Scantling",30,"WR",9,2,26,1,20,6,15.7,0,36.4,4,10,3,Inf
"265","Marquez Valdes-Scantling",30,"WR",9,2,26,1,20,6,15.7,0,22.2,0,10,3,Inf
"266","Marquez Valdes-Scantling",30,"WR",9,2,26,1,20,6,15.7,0,40,4,10,3,Inf
"267","Marquez Valdes-Scantling",30,"WR",35,17,385,13,248,137,17.8,1,36.4,4,14.6,8.1,17
"268","Marquez Valdes-Scantling",30,"WR",35,17,385,13,248,137,17.8,1,22.2,0,14.6,8.1,17
"269","Marquez Valdes-Scantling",30,"WR",35,17,385,13,248,137,17.8,1,40,4,14.6,8.1,17
"270","Ty Johnson",27,"RB",25,18,284,14,114,170,8.2,1,60,3,6.3,9.4,18
"271","Luke McCaffrey",23,"WR",24,18,168,8,71,97,7.1,1,50,0,3.9,5.4,18
"272","Jeremy Ruckert",24,"TE",28,18,105,6,21,84,3.4,0,42.9,0,1.2,4.7,Inf
"273","JuJu Smith-Schuster",28,"WR",26,18,231,11,76,155,5.6,4,53.8,2,4.2,8.6,4.5
"274","Jonathan Taylor",25,"RB",31,18,136,7,-14,150,-0.3,2,32.3,1,-0.8,8.3,9
"275","Ray Davis",25,"RB",19,17,189,8,25,164,0.8,0,63.2,3,1.5,9.6,Inf
"276","Kalif Raymond",30,"WR",22,17,215,10,78,137,8,0,59.1,2,4.6,8.1,Inf
"277","Nick Vannett",31,"TE",20,17,135,7,25,110,1.1,0,75,3,1.5,6.5,Inf
"278","Jonathan Mingo",23,"WR",42,17,167,6,100,67,10.5,1,28.6,0,5.9,3.9,17
"279","Jonathan Mingo",23,"WR",42,17,167,6,100,67,10.5,1,30.8,0,5.9,3.9,17
"280","Jonathan Mingo",23,"WR",42,17,167,6,100,67,10.5,1,25,0,5.9,3.9,17
"281","Jonathan Mingo",23,"WR",26,12,121,4,57,64,8.7,1,28.6,0,4.8,5.3,12
"282","Jonathan Mingo",23,"WR",26,12,121,4,57,64,8.7,1,30.8,0,4.8,5.3,12
"283","Jonathan Mingo",23,"WR",26,12,121,4,57,64,8.7,1,25,0,4.8,5.3,12
"284","Jonathan Mingo",23,"WR",16,5,46,2,43,3,13.3,0,28.6,0,8.6,0.6,Inf
"285","Jonathan Mingo",23,"WR",16,5,46,2,43,3,13.3,0,30.8,0,8.6,0.6,Inf
"286","Jonathan Mingo",23,"WR",16,5,46,2,43,3,13.3,0,25,0,8.6,0.6,Inf
"287","Emari Demercado",25,"RB",20,16,104,3,9,95,1.3,1,35,0,0.6,5.9,16
"288","Kenneth Gainwell",25,"RB",22,16,116,5,8,108,1,4,40.9,0,0.5,6.8,4
"289","Roschon Johnson",23,"RB",20,16,104,6,8,96,0.6,4,40,0,0.5,6,4
"290","Trey Sermon",25,"RB",19,16,99,3,0,99,0.3,1,31.6,0,0,6.2,16
"291","Stone Smartt",26,"TE",19,16,208,11,142,66,10.1,0,68.4,0,8.9,4.1,Inf
"292","DJ Turner",27,"WR",29,16,158,9,75,83,8.8,2,37.9,1,4.7,5.2,8
"293","Isaac Guerendo",24,"RB",16,15,152,7,45,107,3.1,1,56.3,0,3,7.1,15
"294","Christian McCaffrey",28,"RB",19,15,146,6,48,98,3.2,1,52.6,0,3.2,6.5,15
"295","Cade Stover",24,"TE",22,15,133,5,39,94,5.4,2,40.9,1,2.6,6.3,7.5
"296","Nate Adkins",25,"TE",15,14,115,6,39,76,4.1,1,73.3,3,2.8,5.4,14
"297","Nelson Agholor",31,"WR",29,14,231,10,146,85,13.4,1,37.9,2,10.4,6.1,14
"298","Daniel Bellinger",24,"TE",17,14,125,8,72,53,5.1,0,64.7,0,5.1,3.8,Inf
"299","Kylen Granson",26,"TE",31,14,182,8,73,109,11.3,0,38.7,0,5.2,7.8,Inf
"300","Pierre Strong",26,"RB",22,14,104,3,-19,123,0.3,2,22.7,0,-1.4,8.8,7
"301","Mason Tipton",24,"WR",26,14,99,2,72,27,12.4,1,26.9,0,5.1,1.9,14
"302","Cam Akers",25,"RB",18,14,68,4,-15,83,-1.5,0,33.3,3,-1.1,5.9,Inf
"303","Cam Akers",25,"RB",18,14,68,4,-15,83,-1.5,0,14.3,1,-1.1,5.9,Inf
"304","Cam Akers",25,"RB",18,14,68,4,-15,83,-1.5,0,45.5,2,-1.1,5.9,Inf
"305","Cam Akers",25,"RB",7,4,16,1,5,11,-0.6,0,33.3,3,1.2,2.8,Inf
"306","Cam Akers",25,"RB",7,4,16,1,5,11,-0.6,0,14.3,1,1.2,2.8,Inf
"307","Cam Akers",25,"RB",7,4,16,1,5,11,-0.6,0,45.5,2,1.2,2.8,Inf
"308","Cam Akers",25,"RB",11,10,52,3,-20,72,-2.1,0,33.3,3,-2,7.2,Inf
"309","Cam Akers",25,"RB",11,10,52,3,-20,72,-2.1,0,14.3,1,-2,7.2,Inf
"310","Cam Akers",25,"RB",11,10,52,3,-20,72,-2.1,0,45.5,2,-2,7.2,Inf
"311","Tyler Allgeier",24,"RB",13,13,88,2,-5,93,-0.4,2,46.2,0,-0.4,7.2,6.5
"312","Jake Bobo",26,"WR",17,13,107,8,80,27,8.1,0,58.8,1,6.2,2.1,Inf
"313","Derius Davis",24,"WR",17,13,112,5,-7,119,3.8,1,52.9,2,-0.5,9.2,13
"314","Adam Trautman",27,"TE",22,13,188,8,90,98,5.5,0,40.9,2,6.9,7.5,Inf
"315","Brock Wright",26,"TE",16,13,100,7,25,75,5.1,1,68.8,2,1.9,5.8,13
"316","Josh Reynolds",29,"WR",24,13,194,8,159,35,11,0,45.8,1,12.2,2.7,Inf
"317","Josh Reynolds",29,"WR",24,13,194,8,159,35,11,0,57.9,1,12.2,2.7,Inf
"318","Josh Reynolds",29,"WR",24,13,194,8,159,35,11,0,0,0,12.2,2.7,Inf
"319","Josh Reynolds",29,"WR",19,12,183,8,148,35,11.4,0,45.8,1,12.3,2.9,Inf
"320","Josh Reynolds",29,"WR",19,12,183,8,148,35,11.4,0,57.9,1,12.3,2.9,Inf
"321","Josh Reynolds",29,"WR",19,12,183,8,148,35,11.4,0,0,0,12.3,2.9,Inf
"322","Josh Reynolds",29,"WR",5,1,11,0,11,0,9.6,0,45.8,1,11,0,Inf
"323","Josh Reynolds",29,"WR",5,1,11,0,11,0,9.6,0,57.9,1,11,0,Inf
"324","Josh Reynolds",29,"WR",5,1,11,0,11,0,9.6,0,0,0,11,0,Inf
"325","Mo Alie-Cox",31,"TE",22,12,147,7,98,49,9.6,0,54.5,1,8.2,4.1,Inf
"326","Jalen Brooks",24,"WR",30,12,177,8,140,37,13.5,1,33.3,1,11.7,3.1,12
"327","Ezekiel Elliott",29,"RB",15,12,69,3,-28,97,-1.8,1,46.7,0,-2.3,8.1,12
"328","Luke Farrell",27,"TE",17,12,67,4,37,30,4.8,1,52.9,0,3.1,2.5,12
"329","Mecole Hardman",26,"WR",14,12,90,6,-9,99,-1,0,57.1,0,-0.8,8.2,Inf
"330","Julian Hill",24,"TE",19,12,100,5,42,58,6.3,3,52.6,0,3.5,4.8,4
"331","Xavier Hutchinson",24,"WR",26,12,117,6,80,37,9.7,0,34.6,0,6.7,3.1,Inf
"332","D'Ernest Johnson",28,"RB",19,12,96,3,-5,101,0.4,0,26.3,0,-0.4,8.4,Inf
"333","Hunter Luepke",24,"RB",16,12,111,5,27,84,2.4,0,50,0,2.2,7,Inf
"334","Ryan Miller",24,"WR",20,12,128,7,73,55,8.8,0,45,2,6.1,4.6,Inf
"335","Jordan Mims",25,"RB",18,12,71,4,-9,80,0.2,1,22.2,0,-0.8,6.7,12
"336","Isiah Pacheco",25,"RB",16,12,79,4,-40,119,-1.4,1,37.5,0,-3.3,9.9,12
"337","Trey Palmer",23,"WR",22,12,172,7,130,42,14.5,0,40.9,1,10.8,3.5,Inf
"338","Cordarrelle Patterson",33,"RB",14,12,80,5,24,56,3,1,50,1,2,4.7,12
"339","Dante Pettis",29,"WR",28,12,120,8,84,36,10.1,2,35.7,1,7,3,6
"340","Ja'Lynn Polk",22,"WR",33,12,87,4,74,13,11.5,0,24.2,2,6.2,1.1,Inf
"341","Kevin Austin",24,"WR",22,11,151,10,114,37,11.6,0,45.5,0,10.4,3.4,Inf
"342","Chris Brooks",24,"RB",13,11,69,2,-26,95,-1.7,1,46.2,0,-2.4,8.6,11
"343","Michael Carter",25,"RB",11,11,57,2,-16,73,-1.5,2,63.6,0,-1.5,6.6,5.5
"344","Payne Durham",24,"TE",14,11,115,5,91,24,8.9,0,71.4,2,8.3,2.2,Inf
"345","Devin Duvernay",27,"WR",16,11,79,7,16,63,11.4,0,50,0,1.5,5.7,Inf
"346","Tyler Goodson",24,"RB",15,11,61,3,-6,67,1.3,2,33.3,1,-0.5,6.1,5.5
"347","Jordan Mason",25,"RB",14,11,91,5,32,59,3.7,1,64.3,0,2.9,5.4,11
"348","Eric Saubert",30,"TE",14,11,97,5,62,35,5.2,0,57.1,1,5.6,3.2,Inf
"349","Tylan Wallace",25,"WR",12,11,193,5,65,128,6.1,1,66.7,1,5.9,11.6,11
"350","Emanuel Wilson",25,"RB",14,11,48,3,-51,99,-4.5,1,21.4,1,-4.6,9,11
"351","Ryan Flournoy",25,"WR",14,10,102,5,68,34,8.2,0,57.1,0,6.8,3.4,Inf
"352","Eric Gray",25,"RB",11,10,82,3,-21,103,-2,1,54.5,0,-2.1,10.3,10
"353","Jamycal Hasty",28,"RB",12,10,59,2,-13,72,-1.3,1,41.7,1,-1.3,7.2,10
"354","Malik Heath",24,"WR",13,10,97,5,74,23,6.5,0,69.2,2,7.4,2.3,Inf
"355","Khalil Herbert",26,"RB",11,10,25,0,-19,44,-2.1,0,27.3,0,-1.9,4.4,Inf
"356","Khalil Herbert",26,"RB",11,10,25,0,-19,44,-2.1,0,0,0,-1.9,4.4,Inf
"357","Khalil Herbert",26,"RB",11,10,25,0,-19,44,-2.1,0,33.3,0,-1.9,4.4,Inf
"358","Khalil Herbert",26,"RB",2,2,4,0,-2,6,-1,0,27.3,0,-1,3,Inf
"359","Khalil Herbert",26,"RB",2,2,4,0,-2,6,-1,0,0,0,-1,3,Inf
"360","Khalil Herbert",26,"RB",2,2,4,0,-2,6,-1,0,33.3,0,-1,3,Inf
"361","Khalil Herbert",26,"RB",9,8,21,0,-17,38,-2.3,0,27.3,0,-2.1,4.8,Inf
"362","Khalil Herbert",26,"RB",9,8,21,0,-17,38,-2.3,0,0,0,-2.1,4.8,Inf
"363","Khalil Herbert",26,"RB",9,8,21,0,-17,38,-2.3,0,33.3,0,-2.1,4.8,Inf
"364","Odell Beckham Jr.",32,"WR",18,9,55,3,41,14,7.6,0,27.8,0,4.6,1.6,Inf
"365","Marquise Brown",27,"WR",15,9,91,5,45,46,8.2,0,40,0,5,5.1,Inf
"366","Harrison Bryant",26,"TE",12,9,86,5,15,71,3.4,2,66.7,0,1.7,7.9,4.5
"367","DeAndre Carter",31,"WR",14,9,72,3,40,32,11.1,2,35.7,0,4.4,3.6,4.5
"368","Jamison Crowder",31,"WR",13,9,72,4,61,11,8.3,0,38.5,2,6.8,1.2,Inf
"369","Isaiah Davis",22,"RB",12,9,75,4,0,75,1.3,0,41.7,1,0,8.3,Inf
"370","Rakim Jarrett",23,"WR",11,9,124,5,106,18,11.5,0,72.7,0,11.8,2,Inf
"371","Charlie Kolar",25,"TE",11,9,131,4,55,76,6,0,72.7,1,6.1,8.4,Inf
"372","Jeremy McNichols",29,"RB",12,9,27,1,-6,33,1.6,0,25,0,-0.7,3.7,Inf
"373","Bub Means",23,"WR",15,9,118,7,98,20,11.3,0,53.3,1,10.9,2.2,Inf
"374","Andrew Ogletree",26,"TE",14,9,109,6,59,50,10.7,0,42.9,1,6.6,5.6,Inf
"375","Durham Smythe",29,"TE",17,9,53,1,37,16,5.5,0,35.3,0,4.1,1.8,Inf
"376","Brevyn Spann-Ford",25,"TE",14,9,88,6,35,53,5.9,0,57.1,0,3.9,5.9,Inf
"377","Sean Tucker",23,"RB",12,9,109,6,4,105,0.6,1,75,1,0.4,11.7,9
"378","Jamaal Williams",29,"RB",11,9,57,3,4,53,-1.3,0,54.5,0,0.4,5.9,Inf
"379","John Bates",27,"TE",13,8,84,3,35,49,4.8,1,53.8,0,4.4,6.1,8
"380","Pharaoh Brown",30,"TE",12,8,65,2,35,30,4.2,1,41.7,0,4.4,3.8,8
"381","Gerald Everett",30,"TE",13,8,36,1,-5,41,2.8,2,23.1,0,-0.6,5.1,4
"382","Tyler Higbee",31,"TE",12,8,66,5,18,48,2.2,0,58.3,2,2.2,6,Inf
"383","Hayden Hurst",31,"TE",13,8,73,2,53,20,4.8,0,38.5,0,6.6,2.5,Inf
"384","Jalin Hyatt",23,"WR",19,8,62,3,56,6,19.1,0,31.6,0,7,0.8,Inf
"385","Zay Jones",29,"WR",11,8,84,5,65,19,8.6,0,63.6,0,8.1,2.4,Inf
"386","Bo Melton",25,"WR",17,8,91,5,84,7,17.8,0,41.2,0,10.5,0.9,Inf
"387","Trent Sherfield",28,"WR",9,8,83,4,43,40,6,0,88.9,1,5.4,5,Inf
"388","Tank Bigsby",23,"RB",12,7,54,1,-10,64,-1.1,1,25,0,-1.4,9.1,7
"389","Blake Corum",24,"RB",8,7,58,5,-7,65,-0.6,1,87.5,0,-1,9.3,7
"390","Britain Covey",27,"WR",8,7,34,2,6,28,1.1,0,37.5,0,0.9,4,Inf
"391","River Cracraft",30,"WR",9,7,66,4,55,11,7.9,0,55.6,0,7.9,1.6,Inf
"392","Tucker Fisk",25,"TE",8,7,39,1,18,21,2.5,0,62.5,0,2.6,3,Inf
"393","KhaDarel Hodge",29,"WR",12,7,131,6,42,89,10.8,0,50,1,6,12.7,Inf
"394","Hunter Long",26,"TE",9,7,60,2,30,30,3.4,0,77.8,0,4.3,4.3,Inf
"395","Luke Musgrave",24,"TE",10,7,45,2,27,18,6.6,0,30,0,3.9,2.6,Inf
"396","K.J. Osborn",27,"WR",18,7,57,2,41,16,5.9,0,27.8,1,5.9,2.3,Inf
"397","Brandon Powell",29,"WR",10,7,71,5,59,12,10.1,0,50,0,8.4,1.7,Inf
"398","Jalen Reagor",25,"WR",12,7,100,3,74,26,10.3,0,33.3,0,10.6,3.7,Inf
"399","Ainias Smith",23,"WR",9,7,41,1,18,23,1.3,0,33.3,1,2.6,3.3,Inf
"400","Carson Steele",22,"RB",11,7,26,0,-17,43,-1.5,3,18.2,0,-2.4,6.1,2.3
"401","Charlie Woerner",27,"TE",12,7,46,3,25,21,2.9,0,33.3,0,3.6,3,Inf
"402","Michael Woods II",24,"WR",17,7,65,4,30,35,11,1,29.4,0,4.3,5,7
"403","Davis Allen",23,"TE",13,6,39,2,18,21,3.8,0,38.5,0,3,3.5,Inf
"404","Trey Benson",21,"RB",6,6,59,3,-19,78,-3.2,2,100,0,-3.2,13,3
"405","Parris Campbell",27,"WR",8,6,30,1,21,9,4.3,0,50,1,3.5,1.5,Inf
"406","Ty Chandler",26,"RB",6,6,42,2,-11,53,-1.8,0,66.7,0,-1.8,8.8,Inf
"407","Chris Conley",32,"WR",12,6,76,3,57,19,17.4,0,50,0,9.5,3.2,Inf
"408","Simi Fehoko",27,"WR",16,6,106,6,90,16,14.8,0,37.5,0,15,2.7,Inf
"409","D'Onta Foreman",28,"RB",8,6,54,1,6,48,0.9,1,37.5,0,1,8,6
"410","Xavier Gipson",23,"WR",10,6,39,3,17,22,11.2,0,30,1,2.8,3.7,Inf
"411","Connor Heyward",25,"TE",8,6,40,3,33,7,8.4,0,62.5,1,5.5,1.2,Inf
"412","Sincere McCormick",24,"RB",7,6,29,2,0,29,0.4,0,42.9,0,0,4.8,Inf
"413","Bryce Oliver",24,"WR",9,6,95,4,69,26,10.6,0,66.7,0,11.5,4.3,Inf
"414","MyCole Pruitt",32,"TE",10,6,40,2,24,16,2.7,0,40,1,4,2.7,Inf
"415","Tip Reiman",23,"TE",7,6,37,1,8,29,1.7,1,57.1,0,1.3,4.8,6
"416","Zamir White",25,"RB",8,6,30,2,-20,50,-3.1,2,25,0,-3.3,8.3,3
"417","Blake Whiteheart",24,"TE",9,6,51,2,41,10,9,0,55.6,1,6.8,1.7,Inf
"418","Nick Chubb",29,"RB",11,5,31,3,0,31,-0.5,0,27.3,1,0,6.2,Inf
"419","Devin Culp",24,"TE",6,5,88,4,57,31,12.2,0,66.7,0,11.4,6.2,Inf
"420","Greg Dulcich",24,"TE",12,5,28,0,13,15,5.9,0,8.3,0,2.6,3,Inf
"421","Audric Estime",21,"RB",5,5,27,2,-10,37,-2,0,40,0,-2,7.4,Inf
"422","Cam Grandy",24,"TE",5,5,28,1,12,16,2.4,0,60,0,2.4,3.2,Inf
"423","Peyton Hendershot",25,"TE",5,5,51,2,19,32,3.8,0,80,0,3.8,6.4,Inf
"424","Kendre Miller",22,"RB",8,5,33,2,0,33,0.4,0,37.5,0,0,6.6,Inf
"425","Scott Miller",27,"WR",9,5,69,2,36,33,11.8,1,55.6,0,7.2,6.6,5
"426","Quintin Morris",25,"TE",8,5,36,3,14,22,9.3,0,50,1,2.8,4.4,Inf
"427","Ronnie Rivers",25,"RB",6,5,34,1,-24,58,-4.3,0,50,0,-4.8,11.6,Inf
"428","Laviska Shenault Jr.",26,"WR",5,5,36,2,-10,46,-2,0,60,0,-2,9.2,Inf
"429","Ben Sinnott",22,"TE",5,5,28,2,9,19,1.8,0,40,1,1.8,3.8,Inf
"430","Ben Skowronek",27,"WR",5,5,69,4,40,29,8,0,80,0,8,5.8,Inf
"431","Kimani Vidal",23,"RB",9,5,62,2,25,37,5.3,0,33.3,1,5,7.4,Inf
"432","Johnny Wilson",23,"WR",15,5,38,3,23,15,9.8,0,26.7,1,4.6,3,Inf
"433","Kenny Yeboah",26,"TE",8,5,47,3,13,34,4.6,0,62.5,1,2.6,6.8,Inf
"434","Treylon Burks",24,"WR",8,4,34,3,29,5,16.9,1,37.5,0,7.2,1.2,4
"435","Jermaine Burton",23,"WR",14,4,107,4,85,22,21.1,0,28.6,0,21.2,5.5,Inf
"436","DJ Chark",28,"WR",10,4,31,1,24,7,11.5,0,30,1,6,1.8,Inf
"437","Jacob Cowing",23,"WR",6,4,80,3,54,26,12.7,0,66.7,0,13.5,6.5,Inf
"438","Will Mallory",25,"TE",8,4,29,1,25,4,8.6,1,12.5,0,6.2,1,4
"439","Will Shipley",22,"RB",4,4,35,2,7,28,1.8,0,75,0,1.8,7,Inf
"440","Ben Sims",24,"TE",5,4,42,1,26,16,8,0,60,0,6.5,4,Inf
"441","Deven Thompkins",25,"WR",4,4,20,2,-8,28,-2,0,50,0,-2,7,Inf
"442","Tyquan Thornton",24,"WR",8,4,47,2,23,24,15.8,1,37.5,0,5.8,6,4
"443","Alex Bachman",28,"WR",3,3,31,2,21,10,7,0,66.7,0,7,3.3,Inf
"444","Tyler Badie",24,"RB",3,3,-2,0,-6,4,-2,0,0,0,-2,1.3,Inf
"445","David Bell",24,"WR",3,3,27,1,19,8,6.3,0,33.3,0,6.3,2.7,Inf
"446","Jonathon Brooks",21,"RB",3,3,23,2,-8,31,-2.7,0,66.7,0,-2.7,10.3,Inf
"447","Dan Chisena",27,"WR",4,3,37,2,28,9,7.5,0,75,0,9.3,3,Inf
"448","Tanner Conner",26,"TE",4,3,16,1,11,5,11.5,0,50,0,3.7,1.7,Inf
"449","Malachi Corley",22,"WR",6,3,16,1,11,5,8.3,0,33.3,0,3.7,1.7,Inf
"450","DeeJay Dallas",26,"RB",3,3,11,1,-9,20,-3,0,33.3,1,-3,6.7,Inf
"451","Josiah Deguara",27,"TE",3,3,14,0,2,12,0.7,0,0,0,0.7,4,Inf
"452","Gus Edwards",29,"RB",5,3,6,0,-5,11,-3,0,0,0,-1.7,3.7,Inf
"453","Clyde Edwards-Helaire",25,"RB",5,3,24,1,-11,35,-0.8,1,20,0,-3.7,11.7,3
"454","D'Wayne Eskridge",27,"WR",3,3,44,2,15,29,5,0,66.7,0,5,9.7,Inf
"455","Hassan Haskins",25,"RB",3,3,49,2,7,42,2.3,0,100,1,2.3,14,Inf
"456","Dallin Holker",24,"TE",4,3,21,1,8,13,9,0,25,0,2.7,4.3,Inf
"457","Travis Homer",26,"RB",3,3,11,0,1,10,0.3,0,33.3,0,0.3,3.3,Inf
"458","Trenton Irwin",29,"WR",10,3,15,1,11,4,6.2,0,30,0,3.7,1.3,Inf
"459","Tim Jones",26,"WR",5,3,41,3,24,17,8,0,60,0,8,5.7,Inf
"460","Chris Manhertz",32,"TE",4,3,30,2,11,19,3.8,0,75,1,3.7,6.3,Inf
"461","Terrace Marshall Jr.",24,"WR",6,3,41,1,37,4,8.7,0,50,0,12.3,1.3,Inf
"462","Kenny McIntosh",24,"RB",4,3,22,1,5,17,1.3,0,50,0,1.7,5.7,Inf
"463","James Proche",28,"WR",3,3,21,1,17,4,5.7,1,66.7,0,5.7,1.3,3
"464","Craig Reynolds",28,"RB",5,3,40,2,-2,42,-2,0,60,0,-0.7,14,Inf
"465","Allen Robinson",31,"WR",7,3,30,3,26,4,7.3,0,42.9,0,8.7,1.3,Inf
"466","Patrick Taylor",26,"RB",11,3,25,2,6,19,3.1,0,18.2,0,2,6.3,Inf
"467","Ian Thomas",28,"TE",6,3,7,1,1,6,4.2,0,16.7,0,0.3,2,Inf
"468","Jamari Thrash",24,"WR",7,3,22,2,8,14,7.3,0,28.6,0,2.7,4.7,Inf
"469","Sione Vaki",23,"RB",3,3,37,2,17,20,5.7,0,100,0,5.7,6.7,Inf
"470","Deuce Vaughn",23,"RB",5,3,18,0,5,13,0,1,20,0,1.7,4.3,3
"471","Jeff Wilson",29,"RB",3,3,19,0,0,19,0,0,100,0,0,6.3,Inf
"472","Jaylen Wright",21,"RB",6,3,8,1,0,8,-1,1,16.7,0,0,2.7,3
"473","Jaheim Bell",23,"TE",3,2,20,1,15,5,7.7,0,33.3,0,7.5,2.5,Inf
"474","Ronnie Bell",24,"WR",6,2,22,2,20,2,10.8,0,33.3,0,10,1,Inf
"475","Julius Chestnut",24,"RB",3,2,11,0,-3,14,0.3,0,33.3,0,-1.5,7,Inf
"476","Grant Dubose",23,"WR",4,2,11,1,8,3,11.8,0,25,0,4,1.5,Inf
"477","Ashton Dulin",27,"WR",8,2,67,2,24,43,19.3,1,25,1,12,21.5,2
"478","Isaiah Hodgins",26,"WR",2,2,12,0,11,1,5.5,0,100,0,5.5,0.5,Inf
"479","Brevin Jordan",24,"TE",3,2,7,1,4,3,0.3,0,33.3,0,2,1.5,Inf
"480","Mason Kinsey",26,"WR",2,2,17,1,17,0,8.5,0,100,0,8.5,0,Inf
"481","Dameon Pierce",24,"RB",4,2,2,0,-3,5,-1.3,1,0,0,-1.5,2.5,2
"482","Nikko Remigio",25,"WR",6,2,48,2,34,14,10.7,0,33.3,0,17,7,Inf
"483","Xavier Smith",27,"WR",2,2,6,1,1,5,0.5,0,50,0,0.5,2.5,Inf
"484","Jack Stoll",26,"TE",3,2,10,0,8,2,4,0,33.3,0,4,1,Inf
"485","J.J. Taylor",26,"RB",3,2,0,0,-1,1,-2,0,0,0,-0.5,0.5,Inf
"486","Eric Tomlinson",32,"TE",4,2,9,0,-3,12,2,1,0,0,-1.5,6,2
"487","Austin Trammell",26,"WR",3,2,40,2,31,9,14.7,0,66.7,0,15.5,4.5,Inf
"488","Cody White",26,"WR",3,2,44,2,31,13,13.3,0,66.7,0,15.5,6.5,Inf
"489","Kristian Wilkerson",27,"WR",3,2,18,2,7,11,5.3,0,66.7,1,3.5,5.5,Inf
"490","Isaiah Williams",23,"WR",3,2,6,0,-1,7,5,2,0,0,-0.5,3.5,1
"491","Javon Baker",22,"WR",4,1,12,1,12,0,12.5,0,25,0,12,0,Inf
"492","Chris Blair",27,"WR",2,1,17,1,17,0,18.5,0,50,0,17,0,Inf
"493","Mike Boone",29,"RB",3,1,-2,0,-4,2,-4.7,0,0,0,-4,2,Inf
"494","Robbie Chosen",31,"WR",4,1,5,0,4,1,11.8,0,0,0,4,1,Inf
"495","Chris Collier",24,"RB",2,1,-4,0,-5,1,-2.5,0,0,0,-5,1,Inf
"496","Dalvin Cook",29,"RB",1,1,10,1,3,7,3,0,100,0,3,7,Inf
"497","Jaelon Darden",25,"WR",1,1,6,1,-3,9,-3,0,100,0,-3,9,Inf
"498","Zach Davidson",26,"TE",2,1,5,0,3,2,1.5,0,50,0,3,2,Inf
"499","Ross Dwelley",29,"TE",1,1,5,0,1,4,1,0,100,0,1,4,Inf
"500","John FitzPatrick",24,"TE",1,1,2,0,2,0,2,0,0,0,2,0,Inf
"501","Jody Fortson",29,"TE",3,1,5,1,3,2,1.3,0,33.3,0,3,2,Inf
"502","Feleipe Franks",27,"TE",3,1,12,1,12,0,16.3,0,33.3,0,12,0,Inf
"503","Myles Gaskin",27,"RB",1,1,11,0,-2,13,-2,0,100,0,-2,13,Inf
"504","Anthony Gould",23,"WR",1,1,23,1,18,5,18,0,100,0,18,5,Inf
"505","George Holani",25,"RB",1,1,-1,0,-1,0,-1,0,0,0,-1,0,Inf
"506","Jha'Quan Jackson",24,"WR",3,1,8,1,6,2,26,0,33.3,0,6,2,Inf
"507","Jermar Jefferson",24,"RB",1,1,10,1,0,10,0,0,100,0,0,10,Inf
"508","E.J. Jenkins",26,"TE",2,1,7,1,4,3,4.5,0,50,1,4,3,Inf
"509","Brandon Johnson",26,"WR",1,1,9,0,5,4,5,0,100,0,5,4,Inf
"510","Collin Johnson",27,"WR",2,1,6,1,3,3,8,0,50,0,3,3,Inf
"511","Charlie Jones",26,"WR",1,1,5,0,5,0,5,0,100,0,5,0,Inf
"512","Velus Jones Jr.",27,"WR",1,1,8,0,-5,13,-5,0,100,0,-5,13,Inf
"513","Velus Jones Jr.",27,"WR",1,1,8,0,-5,13,-5,0,100,0,-5,13,Inf
"514","Velus Jones Jr.",27,"WR",1,1,8,0,-5,13,-5,0,NA,0,-5,13,Inf
"515","Ramel Keyton",24,"WR",3,1,7,1,7,0,10,0,33.3,0,7,0,Inf
"516","Jacob Kibodi",26,"RB",3,1,15,1,4,11,3,0,33.3,0,4,11,Inf
"517","Marcedes Lewis",40,"TE",2,1,2,1,1,1,7,0,50,0,1,1,Inf
"518","MarShawn Lloyd",23,"RB",1,1,3,0,-5,8,-5,0,0,0,-5,8,Inf
"519","Tay Martin",27,"WR",2,1,49,1,44,5,31.5,0,50,1,44,5,Inf
"520","David Martin-Robinson",25,"TE",2,1,6,1,0,6,0,0,50,0,0,6,Inf
"521","Anthony Miller",30,"WR",1,1,16,1,15,1,15,0,100,0,15,1,Inf
"522","Keaton Mitchell",22,"RB",1,1,28,1,-5,33,-5,0,100,0,-5,33,Inf
"523","Kendric Pryor",26,"WR",1,1,9,0,9,0,9,0,100,0,9,0,Inf
"524","Chris Rodriguez",24,"RB",1,1,12,1,1,11,1,0,100,0,1,11,Inf
"525","John Ross",29,"WR",2,1,6,1,4,2,23.5,0,50,0,4,2,Inf
"526","Cody Schrader",25,"RB",1,1,6,0,0,6,0,0,100,0,0,6,Inf
"527","Tyler Scott",23,"WR",1,1,5,0,-2,7,-2,0,0,0,-2,7,Inf
"528","Tyrell Shavers",25,"WR",1,1,69,1,-2,71,-2,1,100,1,-2,71,1
"529","John Samuel Shenker",26,"TE",1,1,7,0,4,3,4,0,100,0,4,3,Inf
"530","Geoff Swaim",31,"TE",1,1,7,0,2,5,2,0,100,0,2,5,Inf
"531","Trent Taylor",30,"WR",1,1,11,0,9,2,9,0,100,0,9,2,Inf
"532","Brycen Tremayne",25,"WR",1,1,-2,0,-2,0,-2,0,0,0,-2,0,Inf
"533","Devontez Walker",23,"WR",3,1,21,1,21,0,28,0,33.3,1,21,0,Inf
"534","Casey Washington",23,"WR",2,1,14,1,3,11,18,0,50,0,3,11,Inf
"535","Blake Watson",25,"RB",2,1,13,0,-5,18,-2,0,50,0,-5,18,Inf
"536","Jared Wiley",24,"TE",1,1,7,0,4,3,4,0,0,0,4,3,Inf
"537","Shane Zylstra",28,"TE",1,1,22,1,9,13,9,0,100,0,9,13,Inf
"538","Rasheen Ali",23,"RB",2,0,0,0,0,0,-2.5,0,0,0,NA,NA,NA
"539","Brenden Bates",25,"TE",1,0,0,0,0,0,-2,0,0,0,NA,NA,NA
"540","Braxton Berrios",29,"WR",4,0,0,0,0,0,6.5,0,0,0,NA,NA,NA
"541","Irvin Charles",27,"WR",1,0,0,0,0,0,3,0,0,0,NA,NA,NA
"542","Baylor Cupp",24,"TE",1,0,0,0,0,0,0,0,0,0,NA,NA,NA
"543","Erik Ezukanma",24,"WR",2,0,0,0,0,0,29.5,0,0,0,NA,NA,NA
"544","Terrell Jennings",23,"RB",1,0,0,0,0,0,29,0,0,0,NA,NA,NA
"545","Kameron Johnson",22,"WR",1,0,0,0,0,0,3,0,0,0,NA,NA,NA
"546","Tom Kennedy",28,"WR",1,0,0,0,0,0,11,0,0,0,NA,NA,NA
"547","Jordan Matthews",32,"TE",1,0,0,0,0,0,16,0,0,0,NA,NA,NA
"548","Skyy Moore",24,"WR",3,0,0,0,0,0,6,0,0,0,NA,NA,NA
"549","Justyn Ross",25,"WR",1,0,0,0,0,0,10,0,0,0,NA,NA,NA
"550","Stephen Sullivan",28,"TE",1,0,0,0,0,0,16,0,0,0,NA,NA,NA
"551","Kadarius Toney",25,"WR",1,0,0,0,0,0,-5,0,0,0,NA,NA,NA
"552","Xavier Weaver",24,"WR",2,0,0,0,0,0,19.5,0,0,0,NA,NA,NA
"553","Brayden Willis",25,"TE",2,0,0,0,0,0,5.5,0,0,0,NA,NA,NA
"554","Dareke Young",25,"WR",1,0,0,0,0,0,9,0,0,0,NA,NA,NA
